Cordoba Trabajo y Produccion [POSITIVO],Cultura Educacion y Trabajo  [POSITIVO],Federal Unidos por una Nueva Argentina  [POSITIVO],Trabajo y Dignidad [POSITIVO]
Cordoba Trabajo y Produccion [POSITIVO],Cultura Educacion y Trabajo  [POSITIVO],Federal Unidos por una Nueva Argentina  [POSITIVO],Trabajo y Dignidad [POSITIVO]
Cordoba Trabajo y Produccion [POSITIVO],Cultura Educacion y Trabajo  [POSITIVO],Federal Unidos por una Nueva Argentina  [POSITIVO],Trabajo y Dignidad [POSITIVO]
Cordoba Trabajo y Produccion [ABSTENCION],Cultura Educacion y Trabajo  [POSITIVO],Federal Unidos por una Nueva Argentina  [POSITIVO],Trabajo y Dignidad [POSITIVO]
Cordoba Trabajo y Produccion [AUSENTE],Cultura Educacion y Trabajo  [POSITIVO],Federal Unidos por una Nueva Argentina  [POSITIVO],Trabajo y Dignidad [POSITIVO]
Cordoba Trabajo y Produccion [NEGATIVO],Cultura Educacion y Trabajo  [NEGATIVO],Federal Unidos por una Nueva Argentina  [NEGATIVO],Trabajo y Dignidad [NEGATIVO]
Cordoba Trabajo y Produccion [ABSTENCION],Cultura Educacion y Trabajo  [ABSTENCION],Federal Unidos por una Nueva Argentina  [ABSTENCION],Trabajo y Dignidad [ABSTENCION]
Cordoba Trabajo y Produccion [ABSTENCION],Cultura Educacion y Trabajo  [ABSTENCION],Federal Unidos por una Nueva Argentina  [ABSTENCION],Trabajo y Dignidad [ABSTENCION]
Cordoba Trabajo y Produccion [AUSENTE],Cultura Educacion y Trabajo  [NEGATIVO],Federal Unidos por una Nueva Argentina  [NEGATIVO],Trabajo y Dignidad [NEGATIVO]
Cordoba Trabajo y Produccion [POSITIVO],Cultura Educacion y Trabajo  [POSITIVO],Federal Unidos por una Nueva Argentina  [POSITIVO],Trabajo y Dignidad [POSITIVO]
Cordoba Trabajo y Produccion [POSITIVO],Cultura Educacion y Trabajo  [POSITIVO],Federal Unidos por una Nueva Argentina  [POSITIVO],Trabajo y Dignidad [POSITIVO]
Cordoba Trabajo y Produccion [POSITIVO],Cultura Educacion y Trabajo  [POSITIVO],Federal Unidos por una Nueva Argentina  [POSITIVO],Trabajo y Dignidad [POSITIVO]
Cordoba Trabajo y Produccion [POSITIVO],Cultura Educacion y Trabajo  [POSITIVO],Federal Unidos por una Nueva Argentina  [POSITIVO],Trabajo y Dignidad [POSITIVO]
Cordoba Trabajo y Produccion [POSITIVO],Cultura Educacion y Trabajo  [POSITIVO],Federal Unidos por una Nueva Argentina  [POSITIVO],Trabajo y Dignidad [POSITIVO]
Cordoba Trabajo y Produccion [POSITIVO],Cultura Educacion y Trabajo  [POSITIVO],Federal Unidos por una Nueva Argentina  [POSITIVO],Trabajo y Dignidad [POSITIVO]
Cordoba Trabajo y Produccion [POSITIVO],Cultura Educacion y Trabajo  [POSITIVO],Federal Unidos por una Nueva Argentina  [POSITIVO],Trabajo y Dignidad [POSITIVO]
Cordoba Trabajo y Produccion [POSITIVO],Cultura Educacion y Trabajo  [POSITIVO],Federal Unidos por una Nueva Argentina  [POSITIVO],Trabajo y Dignidad [POSITIVO]
Cordoba Trabajo y Produccion [AUSENTE],Cultura Educacion y Trabajo  [NEGATIVO],Federal Unidos por una Nueva Argentina  [NEGATIVO],Trabajo y Dignidad [NEGATIVO]
Cordoba Trabajo y Produccion [AUSENTE],Cultura Educacion y Trabajo  [POSITIVO],Federal Unidos por una Nueva Argentina  [POSITIVO],Trabajo y Dignidad [POSITIVO]
Cordoba Trabajo y Produccion [AUSENTE],Cultura Educacion y Trabajo  [POSITIVO],Federal Unidos por una Nueva Argentina  [POSITIVO],Trabajo y Dignidad [POSITIVO]
Cordoba Trabajo y Produccion [POSITIVO],Cultura Educacion y Trabajo  [POSITIVO],Federal Unidos por una Nueva Argentina  [POSITIVO],Trabajo y Dignidad [POSITIVO]
Cordoba Trabajo y Produccion [POSITIVO],Cultura Educacion y Trabajo  [POSITIVO],Federal Unidos por una Nueva Argentina  [POSITIVO],Trabajo y Dignidad [POSITIVO]
Cordoba Trabajo y Produccion [POSITIVO],Cultura Educacion y Trabajo  [POSITIVO],Federal Unidos por una Nueva Argentina  [POSITIVO],Trabajo y Dignidad [POSITIVO]
Cordoba Trabajo y Produccion [POSITIVO],Cultura Educacion y Trabajo  [POSITIVO],Federal Unidos por una Nueva Argentina  [POSITIVO],Trabajo y Dignidad [POSITIVO]
Cordoba Trabajo y Produccion [POSITIVO],Cultura Educacion y Trabajo  [POSITIVO],Federal Unidos por una Nueva Argentina  [POSITIVO],Trabajo y Dignidad [POSITIVO]
Cordoba Trabajo y Produccion [POSITIVO],Cultura Educacion y Trabajo  [POSITIVO],Federal Unidos por una Nueva Argentina  [POSITIVO],Trabajo y Dignidad [POSITIVO]
Cordoba Trabajo y Produccion [POSITIVO],Cultura Educacion y Trabajo  [POSITIVO],Federal Unidos por una Nueva Argentina  [POSITIVO],Trabajo y Dignidad [POSITIVO]
Cordoba Trabajo y Produccion [POSITIVO],Cultura Educacion y Trabajo  [POSITIVO],Federal Unidos por una Nueva Argentina  [POSITIVO],Trabajo y Dignidad [POSITIVO]
Cordoba Trabajo y Produccion [POSITIVO],Cultura Educacion y Trabajo  [POSITIVO],Federal Unidos por una Nueva Argentina  [POSITIVO],Trabajo y Dignidad [POSITIVO]
Cordoba Trabajo y Produccion [POSITIVO],Cultura Educacion y Trabajo  [POSITIVO],Federal Unidos por una Nueva Argentina  [POSITIVO],Trabajo y Dignidad [POSITIVO]
Cordoba Trabajo y Produccion [POSITIVO],Cultura Educacion y Trabajo  [POSITIVO],Federal Unidos por una Nueva Argentina  [POSITIVO],Trabajo y Dignidad [POSITIVO]
Cordoba Trabajo y Produccion [POSITIVO],Cultura Educacion y Trabajo  [POSITIVO],Federal Unidos por una Nueva Argentina  [POSITIVO],Trabajo y Dignidad [POSITIVO]
Cordoba Trabajo y Produccion [NEGATIVO],Cultura Educacion y Trabajo  [NEGATIVO],Federal Unidos por una Nueva Argentina  [NEGATIVO],Trabajo y Dignidad [NEGATIVO]
Cordoba Trabajo y Produccion [AUSENTE],Cultura Educacion y Trabajo  [AUSENTE],Federal Unidos por una Nueva Argentina  [POSITIVO],Trabajo y Dignidad [POSITIVO]
Cordoba Trabajo y Produccion [POSITIVO],Cultura Educacion y Trabajo  [POSITIVO],Federal Unidos por una Nueva Argentina  [POSITIVO],Trabajo y Dignidad [POSITIVO]
Cordoba Trabajo y Produccion [AUSENTE],Cultura Educacion y Trabajo  [AUSENTE],Federal Unidos por una Nueva Argentina  [POSITIVO],Trabajo y Dignidad [POSITIVO]
Cordoba Trabajo y Produccion [AUSENTE],Cultura Educacion y Trabajo  [AUSENTE],Federal Unidos por una Nueva Argentina  [POSITIVO],Trabajo y Dignidad [POSITIVO]
Cordoba Trabajo y Produccion [AUSENTE],Cultura Educacion y Trabajo  [AUSENTE],Federal Unidos por una Nueva Argentina  [POSITIVO],Trabajo y Dignidad [POSITIVO]
Cordoba Trabajo y Produccion [AUSENTE],Cultura Educacion y Trabajo  [AUSENTE],Federal Unidos por una Nueva Argentina  [POSITIVO],Trabajo y Dignidad [POSITIVO]
Cordoba Trabajo y Produccion [AUSENTE],Cultura Educacion y Trabajo  [AUSENTE],Federal Unidos por una Nueva Argentina  [POSITIVO],Trabajo y Dignidad [POSITIVO]
Cordoba Trabajo y Produccion [AUSENTE],Cultura Educacion y Trabajo  [AUSENTE],Federal Unidos por una Nueva Argentina  [POSITIVO],Trabajo y Dignidad [AUSENTE]
Cordoba Trabajo y Produccion [AUSENTE],Cultura Educacion y Trabajo  [AUSENTE],Federal Unidos por una Nueva Argentina  [POSITIVO],Trabajo y Dignidad [AUSENTE]
Cordoba Trabajo y Produccion [AUSENTE],Cultura Educacion y Trabajo  [AUSENTE],Federal Unidos por una Nueva Argentina  [POSITIVO],Trabajo y Dignidad [AUSENTE]
Cordoba Trabajo y Produccion [AUSENTE],Cultura Educacion y Trabajo  [AUSENTE],Federal Unidos por una Nueva Argentina  [POSITIVO],Trabajo y Dignidad [AUSENTE]
Cordoba Trabajo y Produccion [AUSENTE],Cultura Educacion y Trabajo  [AUSENTE],Federal Unidos por una Nueva Argentina  [POSITIVO],Trabajo y Dignidad [POSITIVO]
