Libres del Sur [AUSENTE],Peronismo para la Victoria [POSITIVO]
Libres del Sur [AUSENTE],Peronismo para la Victoria [POSITIVO]
Libres del Sur [AUSENTE],Peronismo para la Victoria [EMPATE]
Libres del Sur [AUSENTE],Peronismo para la Victoria [EMPATE]
Libres del Sur [AUSENTE],Peronismo para la Victoria [POSITIVO]
Libres del Sur [AUSENTE],Peronismo para la Victoria [NEGATIVO]
Libres del Sur [AUSENTE],Peronismo para la Victoria [NEGATIVO]
Libres del Sur [AUSENTE],Peronismo para la Victoria [NEGATIVO]
Libres del Sur [AUSENTE],Peronismo para la Victoria [NEGATIVO]
Libres del Sur [POSITIVO],Peronismo para la Victoria [POSITIVO]
Libres del Sur [POSITIVO],Peronismo para la Victoria [POSITIVO]
Libres del Sur [POSITIVO],Peronismo para la Victoria [POSITIVO]
Libres del Sur [POSITIVO],Peronismo para la Victoria [POSITIVO]
Libres del Sur [POSITIVO],Peronismo para la Victoria [POSITIVO]
Libres del Sur [POSITIVO],Peronismo para la Victoria [POSITIVO]
Libres del Sur [POSITIVO],Peronismo para la Victoria [POSITIVO]
Libres del Sur [POSITIVO],Peronismo para la Victoria [POSITIVO]
Libres del Sur [NEGATIVO],Peronismo para la Victoria [EMPATE]
Libres del Sur [POSITIVO],Peronismo para la Victoria [EMPATE]
Libres del Sur [POSITIVO],Peronismo para la Victoria [POSITIVO]
Libres del Sur [POSITIVO],Peronismo para la Victoria [POSITIVO]
Libres del Sur [POSITIVO],Peronismo para la Victoria [POSITIVO]
Libres del Sur [AUSENTE],Peronismo para la Victoria [POSITIVO]
Libres del Sur [AUSENTE],Peronismo para la Victoria [POSITIVO]
Libres del Sur [AUSENTE],Peronismo para la Victoria [EMPATE]
Libres del Sur [POSITIVO],Peronismo para la Victoria [AUSENTE]
Libres del Sur [POSITIVO],Peronismo para la Victoria [POSITIVO]
Libres del Sur [POSITIVO],Peronismo para la Victoria [POSITIVO]
Libres del Sur [POSITIVO],Peronismo para la Victoria [POSITIVO]
Libres del Sur [AUSENTE],Peronismo para la Victoria [EMPATE]
Libres del Sur [AUSENTE],Peronismo para la Victoria [EMPATE]
Libres del Sur [POSITIVO],Peronismo para la Victoria [POSITIVO]
Libres del Sur [POSITIVO],Peronismo para la Victoria [POSITIVO]
Libres del Sur [AUSENTE],Peronismo para la Victoria [POSITIVO]
Libres del Sur [POSITIVO],Peronismo para la Victoria [EMPATE]
Libres del Sur [NEGATIVO],Peronismo para la Victoria [NEGATIVO]
Libres del Sur [POSITIVO],Peronismo para la Victoria [POSITIVO]
Libres del Sur [ABSTENCION],Peronismo para la Victoria [ABSTENCION]
Libres del Sur [POSITIVO],Peronismo para la Victoria [POSITIVO]
Libres del Sur [POSITIVO],Peronismo para la Victoria [POSITIVO]
Libres del Sur [POSITIVO],Peronismo para la Victoria [POSITIVO]
Libres del Sur [POSITIVO],Peronismo para la Victoria [POSITIVO]
Libres del Sur [POSITIVO],Peronismo para la Victoria [POSITIVO]
Libres del Sur [POSITIVO],Peronismo para la Victoria [POSITIVO]
Libres del Sur [POSITIVO],Peronismo para la Victoria [POSITIVO]
